{
  "project_info": {
    "project_number": "928819149606",
    "firebase_url": "https://eventos-tarragona-app-default-rtdb.firebaseio.com",
    "project_id": "eventos-tarragona-app",
    "storage_bucket": "eventos-tarragona-app.appspot.com"
  },
  "client": [
    {
      "client_info": {
        "mobilesdk_app_id": "1:928819149606:android:aaf78dbe77c9990f631fe7",
        "android_client_info": {
          "package_name": "org.insbaixcamp.myapplication"
        }
      },
      "oauth_client": [
        {
          "client_id": "928819149606-o996ea1gmjbbbgo4k75ltgr51fqo8gqb.apps.googleusercontent.com",
          "client_type": 3
        }
      ],
      "api_key": [
        {
          "current_key": "AIzaSyBIl_m659eTbiiPJ7alkQssKqOJiuOiWj0"
        }
      ],
      "services": {
        "appinvite_service": {
          "other_platform_oauth_client": [
            {
              "client_id": "928819149606-o996ea1gmjbbbgo4k75ltgr51fqo8gqb.apps.googleusercontent.com",
              "client_type": 3
            }
          ]
        }
      }
    },
    {
      "client_info": {
        "mobilesdk_app_id": "1:928819149606:android:0f1253acf1c74520631fe7",
        "android_client_info": {
          "package_name": "org.insbaixcamp.reservesapp"
        }
      },
      "oauth_client": [
        {
          "client_id": "928819149606-kik4i4bq7cjmg31uti0eqf47fn6biagr.apps.googleusercontent.com",
          "client_type": 1,
          "android_info": {
            "package_name": "org.insbaixcamp.reservesapp",
            "certificate_hash": "fac7bf551abbacb52d3076fcddf6c97da2a03248"
          }
        },
        {
          "client_id": "928819149606-o996ea1gmjbbbgo4k75ltgr51fqo8gqb.apps.googleusercontent.com",
          "client_type": 3
        }
      ],
      "api_key": [
        {
          "current_key": "AIzaSyBIl_m659eTbiiPJ7alkQssKqOJiuOiWj0"
        }
      ],
      "services": {
        "appinvite_service": {
          "other_platform_oauth_client": [
            {
              "client_id": "928819149606-o996ea1gmjbbbgo4k75ltgr51fqo8gqb.apps.googleusercontent.com",
              "client_type": 3
            }
          ]
        }
      }
    }
  ],
  "configuration_version": "1"
}